epoch, accuracy          , dice_score        , loss               , val_accuracy      , val_dice_score    , val_loss
    0, 0.9681684970855713, 0.4147115647792816, 0.6000690460205078 , 0.9813761115074158, 0.580920934677124 , 0.4281395971775055
    1, 0.9798716902732849, 0.6467005014419556, 0.3639329969882965 , 0.9830039739608765, 0.7677018642425537, 0.24103721976280212
    2, 0.9820290803909302, 0.7461751699447632, 0.2642310559749603 , 0.9836076498031616, 0.8003067970275879, 0.2086959034204483
    3, 0.9833421111106873, 0.7743042707443237, 0.23536215722560883, 0.984557032585144 , 0.8101706504821777, 0.19862395524978638
    4, 0.9841446876525879, 0.7818873524665833, 0.22746798396110535, 0.9828621745109558, 0.8074495792388916, 0.20173077285289764
    5, 0.984834611415863 , 0.7875887751579285, 0.2214273065328598 , 0.9838641285896301, 0.8169172406196594, 0.19220329821109772
    6, 0.9853450059890747, 0.796062707901001 , 0.2126844972372055 , 0.9852859377861023, 0.8189653158187866, 0.18955543637275696
    7, 0.9857338666915894, 0.800872266292572 , 0.2075410783290863 , 0.985307514667511 , 0.8245659470558167, 0.18407458066940308
    8, 0.9857479333877563, 0.807979941368103 , 0.20014216005802155, 0.984580397605896 , 0.8097417950630188, 0.1998959481716156
    9, 0.9863407611846924, 0.820449948310852 , 0.18723757565021515, 0.9858241081237793, 0.8299108743667603, 0.1779438853263855
   10, 0.9872075319290161, 0.8329553604125977, 0.1741022765636444 , 0.9856675863265991, 0.8249392509460449, 0.18383310735225677
   11, 0.9874125123023987, 0.8363555073738098, 0.17056258022785187, 0.9863656759262085, 0.8323467373847961, 0.17570754885673523
   12, 0.987709105014801 , 0.8397712111473083, 0.1669595092535019 , 0.9857633709907532, 0.8183422684669495, 0.19085615873336792
   13, 0.9879215955734253, 0.8430208563804626, 0.1636306494474411 , 0.9866581559181213, 0.8311623334884644, 0.17676624655723572
   14, 0.9881434440612793, 0.8454543948173523, 0.1610221564769745 , 0.9861120581626892, 0.840290367603302 , 0.16736671328544617
   15, 0.9883002638816833, 0.8479241728782654, 0.15844903886318207, 0.9870063662528992, 0.8358860015869141, 0.17176330089569092
   16, 0.9886636734008789, 0.8505882620811462, 0.15556775033473969, 0.986315906047821 , 0.8324530124664307, 0.175661101937294
   17, 0.9890405535697937, 0.855972945690155 , 0.1499970257282257 , 0.9857011437416077, 0.8251957893371582, 0.18393634259700775
   18, 0.989043653011322 , 0.8572814464569092, 0.1486728936433792 , 0.9863311648368835, 0.8371565341949463, 0.17067889869213104
   19, 0.9891591668128967, 0.8592663407325745, 0.14661312103271484, 0.9866418242454529, 0.8329633474349976, 0.17543815076351166
   20, 0.9899817109107971, 0.8678478598594666, 0.13753707706928253, 0.9869022965431213, 0.8387892246246338, 0.16937370598316193
   21, 0.9900637269020081, 0.869508683681488 , 0.1358264833688736 , 0.987060010433197 , 0.8398919701576233, 0.1681850552558899
   22, 0.9903968572616577, 0.872588574886322 , 0.13255542516708374, 0.9871346354484558, 0.8431521058082581, 0.16477681696414948
   23, 0.9903868436813354, 0.8730552792549133, 0.13211725652217865, 0.9871647357940674, 0.8440592885017395, 0.1638612598180771
   24, 0.9903883934020996, 0.8724398016929626, 0.13276396691799164, 0.9867604970932007, 0.839455246925354 , 0.1685943752527237
   25, 0.9904640316963196, 0.8741835951805115, 0.13093817234039307, 0.9868890643119812, 0.8431431651115417, 0.16476619243621826
   26, 0.9904540777206421, 0.8739216923713684, 0.13122746348381042, 0.9870210289955139, 0.8468315601348877, 0.1606309711933136
   27, 0.9906293153762817, 0.8755636215209961, 0.1294434517621994 , 0.9871073961257935, 0.8427875638008118, 0.16510239243507385
   28, 0.9908520579338074, 0.8775419592857361, 0.12734177708625793, 0.9871672987937927, 0.8409059643745422, 0.1672929972410202
   29, 0.990889310836792 , 0.8785658478736877, 0.12633612751960754, 0.9870718121528625, 0.840981125831604 , 0.16729728877544403
   30, 0.991093635559082 , 0.8796607851982117, 0.12510190904140472, 0.9873576164245605, 0.8454521298408508, 0.1624153107404709
   31, 0.9912775754928589, 0.8818945288658142, 0.12275820970535278, 0.9867984056472778, 0.8405451774597168, 0.16773034632205963
   32, 0.9915928840637207, 0.8868472576141357, 0.11761962622404099, 0.9873005747795105, 0.8461947441101074, 0.16193555295467377
   33, 0.9919731020927429, 0.8908551931381226, 0.11342564970254898, 0.9874354600906372, 0.8478865027427673, 0.16010133922100067
   34, 0.9918970465660095, 0.8899641036987305, 0.11438669264316559, 0.9872035384178162, 0.845371425151825 , 0.1629197746515274
   35, 0.9920428395271301, 0.8925637006759644, 0.11168710142374039, 0.9872922301292419, 0.8443328738212585, 0.1640741527080536
   36, 0.9921419024467468, 0.893131673336029 , 0.11108475923538208, 0.9872686266899109, 0.8427448868751526, 0.16590385138988495
   37, 0.9922142624855042, 0.8942495584487915, 0.10993447154760361, 0.9873044490814209, 0.844595730304718 , 0.1638639122247696
   38, 0.9921973943710327, 0.8936672806739807, 0.11050345748662949, 0.98724365234375  , 0.8429519534111023, 0.16555508971214294
   39, 0.9923310279846191, 0.895743727684021 , 0.1083562895655632 , 0.9874004125595093, 0.8462913036346436, 0.16209979355335236
   40, 0.9923901557922363, 0.8963872790336609, 0.10769068449735641, 0.9873483180999756, 0.8461410403251648, 0.16212086379528046
   41, 0.9924211502075195, 0.8965703845024109, 0.10750128328800201, 0.9874027371406555, 0.8453452587127686, 0.16300298273563385
   42, 0.9923228621482849, 0.8961092829704285, 0.10800185054540634, 0.9874095916748047, 0.8466652035713196, 0.16154812276363373
   43, 0.9924605488777161, 0.8967003226280212, 0.10733756422996521, 0.9875128865242004, 0.8483298420906067, 0.1597902923822403
   44, 0.9924266934394836, 0.896934449672699 , 0.10711871087551117, 0.9873127937316895, 0.8454530239105225, 0.16291551291942596
   45, 0.9924055337905884, 0.8956159353256226, 0.10846365988254547, 0.9874740839004517, 0.8467583656311035, 0.1615319401025772
   46, 0.9924783706665039, 0.8969183564186096, 0.10711639374494553, 0.9872498512268066, 0.8438169360160828, 0.16480325162410736
   47, 0.9927210211753845, 0.8990616798400879, 0.10482072830200195, 0.9873570799827576, 0.8463510274887085, 0.16210126876831055
   48, 0.9925950765609741, 0.8976302146911621, 0.1063356101512909 , 0.9873109459877014, 0.8447366952896118, 0.16368934512138367
   49, 0.9925886988639832, 0.8983891010284424, 0.10558424144983292, 0.9872610569000244, 0.845824658870697 , 0.16254845261573792
   50, 0.9928063750267029, 0.9000455737113953, 0.10379991680383682, 0.9873069524765015, 0.844826340675354 , 0.16370120644569397
   51, 0.9926651120185852, 0.8977500796318054, 0.10622791200876236, 0.9874165058135986, 0.8473338484764099, 0.16095009446144104
   52, 0.9927002191543579, 0.8987689018249512, 0.10514716058969498, 0.9873349666595459, 0.8455555438995361, 0.1629592776298523
   53, 0.9927974939346313, 0.8992543816566467, 0.10464001446962357, 0.9874231219291687, 0.846371054649353 , 0.16215911507606506
